{"number_of_liquid_levels_to_find": 1, "rows_to_count": 10, "find_meniscus_minimum": 0.1, "reference_level_relative": [0.6279761904761905, 0.6101190476190477, 0.49851190476190477], "tolerance_level_relative": null, "liquid_level_data": {}}